Periodo;IPC;PIB;PIB_no_minero;Brecha_PIB;Brecha_PIB_no_minero;Consumo_privado;Consumo_durable;Consumo_no_durable;Brecha_Consumo_privado;Exportaciones;Importaciones;Balanza_comercial;Tasa_desempleo;TPM;TCN;TCR;f2_ygap;f4_ygap;TC_IPC;TC_PIBNM;IPC_t_1;PIB_t_1;PIB_no_minero_t_1;Brecha_PIB_t_1;Brecha_PIB_no_minero_t_1;Consumo_privado_t_1;Exportaciones_t_1;Importaciones_t_1;Tasa_desempleo_t_1;TPM_t_1;TCN_t_1;TCR_t_1;IPC_t_2;PIB_t_2;PIB_no_minero_t_2;Brecha_PIB_t_2;Brecha_PIB_no_minero_t_2;Consumo_privado_t_2;Exportaciones_t_2;Importaciones_t_2;Tasa_desempleo_t_2;TPM_t_2;TCN_t_2;TCR_t_2;IPC_t_3;PIB_t_3;PIB_no_minero_t_3;Brecha_PIB_t_3;Brecha_PIB_no_minero_t_3;Consumo_privado_t_3;Exportaciones_t_3;Importaciones_t_3;Tasa_desempleo_t_3;TPM_t_3;TCN_t_3;TCR_t_3;IPC_t_4;PIB_t_4;PIB_no_minero_t_4;Brecha_PIB_t_4;Brecha_PIB_no_minero_t_4;Consumo_privado_t_4;Exportaciones_t_4;Importaciones_t_4;Tasa_desempleo_t_4;TPM_t_4;TCN_t_4;TCR_t_4
mar.1996;47,29;16.472;13.821;0,00;0,00;8.760;365;4.314;0;4.292;4.093;199;6,6;6,70;410;86,9;0,00;0,00;0,00;0,00;;;;;;;;;;;;;;;;;;;;;;;;;;;;;;;;;;;;;;;;;;;;;;;;
jun.1996;48,29;16.700;13.975;0,00;0,00;9.217;405;4.232;0;4.572;4.206;366;6,6;7,44;408;84,2;0,00;0,00;0,00;0,00;47,28743663;16471,86975;13821,44785;0;0;8759,662047;4291,9;4093,2;6,575069192;6,7;410,3196875;86,88883272;;;;;;;;;;;;;;;;;;;;;;;;;;;;;;;;;;;;
sept.1996;48,65;16.043;13.276;0,00;0,00;9.073;407;4.182;0;3.876;4.517;-641;6,8;7,50;411;83,8;0,00;0,00;0,00;0,00;48,28822381;16699,91783;13974,75295;0;0;9216,818404;4571,5;4205,7;6,579669381;7,436666667;408,1122951;84,18649568;47,28743663;16471,86975;13821,44785;0;0;8759,662047;4291,9;4093,2;6,575069192;6,7;410,3196875;86,88883272;;;;;;;;;;;;;;;;;;;;;;;;
dic.1996;49,40;17.492;14.574;0,00;0,00;9.978;494;4.703;-1;3.887;4.883;-996;5,4;7,50;419;83,8;0,00;0,00;0,00;0,00;48,65295972;16042,66418;13276,02275;0;0;9072,717274;3876,2;4516,9;6,773585562;7,5;411,1764516;83,8088756;48,28822381;16699,91783;13974,75295;0;0;9216,818404;4571,5;4205,7;6,579669381;7,436666667;408,1122951;84,18649568;47,28743663;16471,86975;13821,44785;0;0;8759,662047;4291,9;4093,2;6,575069192;6,7;410,3196875;86,88883272;;;;;;;;;;;;
mar.1997;50,58;17.387;14.516;0,00;0,00;9.181;371;4.461;-1;4.956;4.307;649;5,8;7,35;418;80,5;0,00;0,00;6,96;5,03;49,39948675;17492,19809;14573,70645;0;0;9978,300897;3887,3;4882,9;5,392033453;7,5;419,1509524;83,76482378;48,65295972;16042,66418;13276,02275;0;0;9072,717274;3876,2;4516,9;6,773585562;7,5;411,1764516;83,8088756;48,28822381;16699,91783;13974,75295;0;0;9216,818404;4571,5;4205,7;6,579669381;7,436666667;408,1122951;84,18649568;47,28743663;16471,86975;13821,44785;0;0;8759,662047;4291,9;4093,2;6,575069192;6,7;410,3196875;86,88883272
jun.1997;50,98;17.857;14.849;0,00;0,00;9.769;445;4.424;-1;4.619;4.508;112;6,6;6,97;418;79,1;0,00;0,00;5,58;6,26;50,576544;17387,47644;14516,17736;0;0;9181,422572;4956;4307,4;5,835650775;7,353333333;418,1990323;80,48279803;49,39948675;17492,19809;14573,70645;0;0;9978,300897;3887,3;4882,9;5,392033453;7,5;419,1509524;83,76482378;48,65295972;16042,66418;13276,02275;0;0;9072,717274;3876,2;4516,9;6,773585562;7,5;411,1764516;83,8088756;48,28822381;16699,91783;13974,75295;0;0;9216,818404;4571,5;4205,7;6,579669381;7,436666667;408,1122951;84,18649568
sept.1997;51,44;17.320;14.381;0,00;0,00;9.890;508;4.511;0;4.104;5.003;-899;6,7;6,68;416;76,8;0,00;0,00;5,72;8,32;50,98427545;17856,94973;14848,97331;0;0;9768,78583;4619,4;4507,6;6,601943493;6,966666667;417,8395161;79,07238287;50,576544;17387,47644;14516,17736;0;0;9181,422572;4956;4307,4;5,835650775;7,353333333;418,1990323;80,48279803;49,39948675;17492,19809;14573,70645;0;0;9978,300897;3887,3;4882,9;5,392033453;7,5;419,1509524;83,76482378;48,65295972;16042,66418;13276,02275;0;0;9072,717274;3876,2;4516,9;6,773585562;7,5;411,1764516;83,8088756
dic.1997;52,51;19.098;15.908;0,00;0,00;11.005;644;5.149;2;4.191;5.480;-1.289;5,3;6,50;425;76,3;0,00;0,00;6,30;9,15;51,43663809;17319,5636;14381,15844;0;0;9890,180551;4104,1;5002,9;6,696475743;6,676666667;415,5180645;76,7873875;50,98427545;17856,94973;14848,97331;0;0;9768,78583;4619,4;4507,6;6,601943493;6,966666667;417,8395161;79,07238287;50,576544;17387,47644;14516,17736;0;0;9181,422572;4956;4307,4;5,835650775;7,353333333;418,1990323;80,48279803;49,39948675;17492,19809;14573,70645;0;0;9978,300897;3887,3;4882,9;5,392033453;7,5;419,1509524;83,76482378
mar.1998;53,41;18.759;15.652;0,00;0,00;10.085;493;4.807;3;4.325;4.852;-527;5,3;7,91;452;77,8;0,00;0,00;5,60;7,83;52,50929551;19097,55652;15907,61485;0;0;11004,91853;4190,8;5479,9;5,342005904;6,5;425,3403175;76,28606783;51,43663809;17319,5636;14381,15844;0;0;9890,180551;4104,1;5002,9;6,696475743;6,676666667;415,5180645;76,7873875;50,98427545;17856,94973;14848,97331;0;0;9768,78583;4619,4;4507,6;6,601943493;6,966666667;417,8395161;79,07238287;50,576544;17387,47644;14516,17736;0;0;9181,422572;4956;4307,4;5,835650775;7,353333333;418,1990323;80,48279803
jun.1998;53,73;19.119;15.874;0,00;0,00;10.639;570;4.743;5;4.324;4.793;-470;6,1;8,50;454;77,6;0,00;0,00;5,39;6,91;53,40849998;18759,34625;15652,1109;0;0;10084,9065;4324,5;4851,6;5,29875791;7,91;451,5473016;77,82070922;52,50929551;19097,55652;15907,61485;0;0;11004,91853;4190,8;5479,9;5,342005904;6,5;425,3403175;76,28606783;51,43663809;17319,5636;14381,15844;0;0;9890,180551;4104,1;5002,9;6,696475743;6,676666667;415,5180645;76,7873875;50,98427545;17856,94973;14848,97331;0;0;9768,78583;4619,4;4507,6;6,601943493;6,966666667;417,8395161;79,07238287
sept.1998;54,04;18.032;14.907;0,00;0,00;10.257;519;4.625;5;3.808;4.743;-935;6,9;9,33;469;78,4;0,00;0,00;5,07;3,66;53,73018195;19119,30475;15874,35935;0;0;10638,89555;4323,7;4793,2;6,13997032;8,5;454,4545;77,5817675;53,40849998;18759,34625;15652,1109;0;0;10084,9065;4324,5;4851,6;5,29875791;7,91;451,5473016;77,82070922;52,50929551;19097,55652;15907,61485;0;0;11004,91853;4190,8;5479,9;5,342005904;6,5;425,3403175;76,28606783;51,43663809;17319,5636;14381,15844;0;0;9890,180551;4104,1;5002,9;6,696475743;6,676666667;415,5180645;76,7873875
dic.1998;54,83;18.850;15.587;0,00;0,00;10.801;505;5.064;3;3.867;3.975;-109;7,3;10,30;466;78,2;0,00;0,00;4,42;-2,01;54,04322562;18031,77115;14907,12894;0;0;10256,86569;3808;4743,2;6,861043389;9,325;468,6421875;78,39297837;53,73018195;19119,30475;15874,35935;0;0;10638,89555;4323,7;4793,2;6,13997032;8,5;454,4545;77,5817675;53,40849998;18759,34625;15652,1109;0;0;10084,9065;4324,5;4851,6;5,29875791;7,91;451,5473016;77,82070922;52,50929551;19097,55652;15907,61485;0;0;11004,91853;4190,8;5479,9;5,342005904;6,5;425,3403175;76,28606783
mar.1999;55,45;18.275;15.112;0,00;0,00;9.779;350;4.660;2;4.351;3.543;808;8,4;7,40;487;79,0;0,00;0,00;3,82;-3,45;54,83073578;18850,18469;15587,1727;0;0;10801,06399;3866,6;3975,1;7,309336079;10,29880952;466,3187097;78,24356822;54,04322562;18031,77115;14907,12894;0;0;10256,86569;3808;4743,2;6,861043389;9,325;468,6421875;78,39297837;53,73018195;19119,30475;15874,35935;0;0;10638,89555;4323,7;4793,2;6,13997032;8,5;454,4545;77,5817675;53,40849998;18759,34625;15652,1109;0;0;10084,9065;4324,5;4851,6;5,29875791;7,91;451,5473016;77,82070922
jun.1999;55,84;18.463;15.240;0,00;0,00;10.119;367;4.511;0;4.262;3.567;695;11,1;6,07;490;78,8;0,00;0,00;3,92;-4,00;55,44671864;18275,45452;15112,33168;0;0;9778,680678;4350,7;3542,5;8,379640701;7,395416667;487,4561905;79,00318438;54,83073578;18850,18469;15587,1727;0;0;10801,06399;3866,6;3975,1;7,309336079;10,29880952;466,3187097;78,24356822;54,04322562;18031,77115;14907,12894;0;0;10256,86569;3808;4743,2;6,861043389;9,325;468,6421875;78,39297837;53,73018195;19119,30475;15874,35935;0;0;10638,89555;4323,7;4793,2;6,13997032;8,5;454,4545;77,5817675
sept.1999;55,77;17.871;14.717;0,00;0,00;10.171;381;4.607;-1;4.063;3.823;240;11,8;5,00;518;83,6;0,00;0,00;3,19;-1,28;55,83595291;18463,21305;15240,13922;0;0;10119,1442;4261,6;3567,1;11,13330771;6,069642857;489,7208197;78,75971504;55,44671864;18275,45452;15112,33168;0;0;9778,680678;4350,7;3542,5;8,379640701;7,395416667;487,4561905;79,00318438;54,83073578;18850,18469;15587,1727;0;0;10801,06399;3866,6;3975,1;7,309336079;10,29880952;466,3187097;78,24356822;54,04322562;18031,77115;14907,12894;0;0;10256,86569;3808;4743,2;6,861043389;9,325;468,6421875;78,39297837
dic.1999;56,17;19.843;16.397;0,00;0,00;11.297;479;5.281;-1;4.487;3.803;685;9,3;5,00;540;87,8;0,00;0,00;2,45;5,20;55,76656964;17871,13208;14716,52172;0;0;10171,23136;4062,8;3822,9;11,77861278;5;518,0073846;83,64301604;55,83595291;18463,21305;15240,13922;0;0;10119,1442;4261,6;3567,1;11,13330771;6,069642857;489,7208197;78,75971504;55,44671864;18275,45452;15112,33168;0;0;9778,680678;4350,7;3542,5;8,379640701;7,395416667;487,4561905;79,00318438;54,83073578;18850,18469;15587,1727;0;0;10801,06399;3866,6;3975,1;7,309336079;10,29880952;466,3187097;78,24356822
mar.2000;57,22;19.416;16.088;0,00;0,00;10.266;377;4.865;0;5.112;4.074;1.038;8,6;5,21;512;83,0;0,00;0,00;3,19;6,46;56,1749883;19842,72158;16397,04854;0;0;11297,21689;4487,3;3802,6;9,282731375;5;540,0003226;87,75310261;55,76656964;17871,13208;14716,52172;0;0;10171,23136;4062,8;3822,9;11,77861278;5;518,0073846;83,64301604;55,83595291;18463,21305;15240,13922;0;0;10119,1442;4261,6;3567,1;11,13330771;6,069642857;489,7208197;78,75971504;55,44671864;18275,45452;15112,33168;0;0;9778,680678;4350,7;3542,5;8,379640701;7,395416667;487,4561905;79,00318438
jun.2000;57,86;19.607;16.218;0,00;0,00;10.697;436;4.751;1;4.652;4.348;304;9,9;5,50;520;83,0;0,00;0,00;3,63;6,41;57,21771395;19416,28631;16088,12645;0;0;10265,8562;5111,7;4074,1;8,590966923;5,214458247;512,308;83,04562959;56,1749883;19842,72158;16397,04854;0;0;11297,21689;4487,3;3802,6;9,282731375;5;540,0003226;87,75310261;55,76656964;17871,13208;14716,52172;0;0;10171,23136;4062,8;3822,9;11,77861278;5;518,0073846;83,64301604;55,83595291;18463,21305;15240,13922;0;0;10119,1442;4261,6;3567,1;11,13330771;6,069642857;489,7208197;78,75971504
sept.2000;57,98;18.838;15.513;0,00;0,00;10.601;442;4.774;1;4.729;4.448;282;11,3;5,31;553;88,4;0,00;0,00;3,96;5,41;57,8616742;19606,54596;16217,53854;0;0;10696,85318;4652,3;4347,9;9,850270116;5,5;520,0857377;82,96374693;57,21771395;19416,28631;16088,12645;0;0;10265,8562;5111,7;4074,1;8,590966923;5,214458247;512,308;83,04562959;56,1749883;19842,72158;16397,04854;0;0;11297,21689;4487,3;3802,6;9,282731375;5;540,0003226;87,75310261;55,76656964;17871,13208;14716,52172;0;0;10171,23136;4062,8;3822,9;11,77861278;5;518,0073846;83,64301604
dic.2000;58,74;20.558;16.961;0,00;0,00;11.514;520;5.350;1;4.717;4.222;495;8,9;5,00;572;89,7;0,00;0,00;4,57;3,44;57,97607395;18837,61127;15513,09863;0;0;10600,87588;4729,2;4447,5;11,34513001;5,310606061;552,5514754;88,37787286;57,8616742;19606,54596;16217,53854;0;0;10696,85318;4652,3;4347,9;9,850270116;5,5;520,0857377;82,96374693;57,21771395;19416,28631;16088,12645;0;0;10265,8562;5111,7;4074,1;8,590966923;5,214458247;512,308;83,04562959;56,1749883;19842,72158;16397,04854;0;0;11297,21689;4487,3;3802,6;9,282731375;5;540,0003226;87,75310261
mar.2001;59,51;20.124;16.690;0,00;0,00;10.501;385;4.941;1;5.041;4.387;654;9,5;4,54;574;89,8;0,00;0,00;4,01;3,74;58,7433841;20558,11765;16960,77416;0;0;11513,9502;4717,1;4221,9;8,89211286;5;572,2811475;89,68811644;57,97607395;18837,61127;15513,09863;0;0;10600,87588;4729,2;4447,5;11,34513001;5,310606061;552,5514754;88,37787286;57,8616742;19606,54596;16217,53854;0;0;10696,85318;4652,3;4347,9;9,850270116;5,5;520,0857377;82,96374693;57,21771395;19416,28631;16088,12645;0;0;10265,8562;5111,7;4074,1;8,590966923;5,214458247;512,308;83,04562959
jun.2001;59,95;20.457;16.911;0,00;0,00;11.035;448;4.861;1;4.856;4.168;688;10,4;3,73;606;92,0;0,00;0,00;3,60;4,28;59,5111581;20124,03336;16689,85348;0;0;10500,99446;5041,2;4386,8;9,499794107;4,540909091;574,3504688;89,80762929;58,7433841;20558,11765;16960,77416;0;0;11513,9502;4717,1;4221,9;8,89211286;5;572,2811475;89,68811644;57,97607395;18837,61127;15513,09863;0;0;10600,87588;4729,2;4447,5;11,34513001;5,310606061;552,5514754;88,37787286;57,8616742;19606,54596;16217,53854;0;0;10696,85318;4652,3;4347,9;9,850270116;5,5;520,0857377;82,96374693
sept.2001;60,09;19.393;15.951;0,00;0,00;10.748;436;4.825;0;4.078;4.197;-119;10,9;5,50;670;100,2;0,00;0,00;3,64;2,83;59,94647373;20456,90758;16910,94419;0;0;11035,44019;4856;4167,6;10,39107387;3,726666667;606,3614754;91,98160755;59,5111581;20124,03336;16689,85348;0;0;10500,99446;5041,2;4386,8;9,499794107;4,540909091;574,3504688;89,80762929;58,7433841;20558,11765;16960,77416;0;0;11513,9502;4717,1;4221,9;8,89211286;5;572,2811475;89,68811644;57,97607395;18837,61127;15513,09863;0;0;10600,87588;4729,2;4447,5;11,34513001;5,310606061;552,5514754;88,37787286
dic.2001;60,53;21.035;17.357;0,00;0,00;11.677;514;5.403;0;4.297;3.677;620;8,6;6,50;690;101,0;0,00;0,00;3,04;2,34;60,08658739;19392,55041;15951,37806;0;0;10747,52092;4077,7;4196,8;10,89914383;5,5;669,8025;100,1908784;59,94647373;20456,90758;16910,94419;0;0;11035,44019;4856;4167,6;10,39107387;3,726666667;606,3614754;91,98160755;59,5111581;20124,03336;16689,85348;0;0;10500,99446;5041,2;4386,8;9,499794107;4,540909091;574,3504688;89,80762929;58,7433841;20558,11765;16960,77416;0;0;11513,9502;4717,1;4221,9;8,89211286;5;572,2811475;89,68811644
mar.2002;60,96;20.425;16.976;0,00;0,00;10.689;386;5.008;-1;4.622;3.681;941;9,6;5,68;670;94,1;0,00;0,00;2,44;1,72;60,5317456;21035,27202;17357,17938;0;0;11676,54789;4297,1;3677,1;8,642775737;6,5;689,8259677;101,0243284;60,08658739;19392,55041;15951,37806;0;0;10747,52092;4077,7;4196,8;10,89914383;5,5;669,8025;100,1908784;59,94647373;20456,90758;16910,94419;0;0;11035,44019;4856;4167,6;10,39107387;3,726666667;606,3614754;91,98160755;59,5111581;20124,03336;16689,85348;0;0;10500,99446;5041,2;4386,8;9,499794107;4,540909091;574,3504688;89,80762929
jun.2002;61,27;20.985;17.416;0,00;0,00;11.157;446;4.910;-2;4.863;4.056;807;10,3;4,33;659;92,7;0,00;0,00;2,20;2,99;60,9643076;20425,4671;16976,24008;0;0;10688,92731;4621,6;3680,9;9,601495596;5,68;669,7125806;94,10655241;60,5317456;21035,27202;17357,17938;0;0;11676,54789;4297,1;3677,1;8,642775737;6,5;689,8259677;101,0243284;60,08658739;19392,55041;15951,37806;0;0;10747,52092;4077,7;4196,8;10,89914383;5,5;669,8025;100,1908784;59,94647373;20456,90758;16910,94419;0;0;11035,44019;4856;4167,6;10,39107387;3,726666667;606,3614754;91,98160755
sept.2002;61,51;20.173;16.719;0,00;0,00;11.089;470;4.902;-2;4.054;4.172;-118;10,6;3,20;708;99,9;0,00;0,00;2,36;4,81;61,26783106;20985,11649;17415,76516;0;0;11156,74224;4863,1;4055,8;10,30001536;4,326666667;659,3555738;92,69427367;60,9643076;20425,4671;16976,24008;0;0;10688,92731;4621,6;3680,9;9,601495596;5,68;669,7125806;94,10655241;60,5317456;21035,27202;17357,17938;0;0;11676,54789;4297,1;3677,1;8,642775737;6,5;689,8259677;101,0243284;60,08658739;19392,55041;15951,37806;0;0;10747,52092;4077,7;4196,8;10,89914383;5,5;669,8025;100,1908784
dic.2002;62,31;21.942;18.151;0,00;0,00;11.967;558;5.542;-2;4.641;3.886;756;8,7;3,00;719;100,7;0,00;0,00;2,94;4,57;61,50531312;20172,97952;16718,52931;0;0;11089,24538;4054;4172;10,63385537;3,203333333;707,5665079;99,92602544;61,26783106;20985,11649;17415,76516;0;0;11156,74224;4863,1;4055,8;10,30001536;4,326666667;659,3555738;92,69427367;60,9643076;20425,4671;16976,24008;0;0;10688,92731;4621,6;3680,9;9,601495596;5,68;669,7125806;94,10655241;60,5317456;21035,27202;17357,17938;0;0;11676,54789;4297,1;3677,1;8,642775737;6,5;689,8259677;101,0243284
mar.2003;63,26;21.364;17.749;0,00;0,00;11.007;428;5.141;-3;5.194;4.209;984;9,2;2,77;737;107,6;0,00;0,00;3,77;4,55;62,31337317;21942,11867;18150,74138;0;0;11966,75031;4641,2;3885,5;8,696399402;3;719,0763492;100,6977379;61,50531312;20172,97952;16718,52931;0;0;11089,24538;4054;4172;10,63385537;3,203333333;707,5665079;99,92602544;61,26783106;20985,11649;17415,76516;0;0;11156,74224;4863,1;4055,8;10,30001536;4,326666667;659,3555738;92,69427367;60,9643076;20425,4671;16976,24008;0;0;10688,92731;4621,6;3680,9;9,601495596;5,68;669,7125806;94,10655241
jun.2003;63,55;21.878;18.164;0,00;0,00;11.620;485;5.092;-3;5.308;4.458;850;10,1;2,75;710;107,0;0,00;0,00;3,72;4,30;63,26499511;21364,37521;17748,71124;0;0;11006,99484;5193,575021;4209,370803;9,212811384;2,773333333;736,6306349;107,6164578;62,31337317;21942,11867;18150,74138;0;0;11966,75031;4641,2;3885,5;8,696399402;3;719,0763492;100,6977379;61,50531312;20172,97952;16718,52931;0;0;11089,24538;4054;4172;10,63385537;3,203333333;707,5665079;99,92602544;61,26783106;20985,11649;17415,76516;0;0;11156,74224;4863,1;4055,8;10,30001536;4,326666667;659,3555738;92,69427367
sept.2003;63,18;20.979;17.373;0,00;0,00;11.564;504;5.137;-3;5.182;4.530;652;10,4;2,75;694;105,0;0,00;0,00;2,73;3,91;63,54615747;21878,07177;18163,82232;0;0;11620,0877;5307,895196;4457,825466;10,08474055;2,75;710,4690164;106,9843939;63,26499511;21364,37521;17748,71124;0;0;11006,99484;5193,575021;4209,370803;9,212811384;2,773333333;736,6306349;107,6164578;62,31337317;21942,11867;18150,74138;0;0;11966,75031;4641,2;3885,5;8,696399402;3;719,0763492;100,6977379;61,50531312;20172,97952;16718,52931;0;0;11089,24538;4054;4172;10,63385537;3,203333333;707,5665079;99,92602544
dic.2003;62,98;22.721;18.883;0,00;0,00;12.741;628;5.858;-3;5.967;4.671;1.297;8,5;2,65;626;97,6;0,00;0,00;1,07;4,03;63,18263723;20978,86674;17372,93204;0;0;11563,62065;5182,216374;4529,980263;10,42092993;2,75;693,8177778;105,0478141;63,54615747;21878,07177;18163,82232;0;0;11620,0877;5307,895196;4457,825466;10,08474055;2,75;710,4690164;106,9843939;63,26499511;21364,37521;17748,71124;0;0;11006,99484;5193,575021;4209,370803;9,212811384;2,773333333;736,6306349;107,6164578;62,31337317;21942,11867;18150,74138;0;0;11966,75031;4641,2;3885,5;8,696399402;3;719,0763492;100,6977379
mar.2004;63,29;22.421;18.771;0,00;0,00;11.773;509;5.520;-2;7.685;4.974;2.711;9,2;1,79;588;94,5;0,00;0,00;0,03;5,76;62,97758881;22721,44352;18883,06851;0;0;12741,03578;5967,220307;4670,71963;8,452664438;2,65;625,825873;97,56635618;63,18263723;20978,86674;17372,93204;0;0;11563,62065;5182,216374;4529,980263;10,42092993;2,75;693,8177778;105,0478141;63,54615747;21878,07177;18163,82232;0;0;11620,0877;5307,895196;4457,825466;10,08474055;2,75;710,4690164;106,9843939;63,26499511;21364,37521;17748,71124;0;0;11006,99484;5193,575021;4209,370803;9,212811384;2,773333333;736,6306349;107,6164578
jun.2004;63,84;23.248;19.379;0,00;0,00;12.578;625;5.469;-2;7.975;5.292;2.682;10,9;1,75;629;100,9;0,00;0,00;0,47;6,69;63,28512208;22420,51897;18771,14014;0;0;11773,00962;7685,224264;4974,372184;9,179144864;1,79;587,8526563;94,54425766;62,97758881;22721,44352;18883,06851;0;0;12741,03578;5967,220307;4670,71963;8,452664438;2,65;625,825873;97,56635618;63,18263723;20978,86674;17372,93204;0;0;11563,62065;5182,216374;4529,980263;10,42092993;2,75;693,8177778;105,0478141;63,54615747;21878,07177;18163,82232;0;0;11620,0877;5307,895196;4457,825466;10,08474055;2,75;710,4690164;106,9843939
sept.2004;64,13;22.705;18.873;0,00;0,00;12.579;648;5.519;-1;8.426;6.117;2.309;11,1;1,81;628;101,9;0,00;0,00;1,50;8,63;63,84170686;23247,86424;19378,85737;0;0;12578,33429;7974,575024;5292,135362;10,91610114;1,75;628,8034426;100,9470729;63,28512208;22420,51897;18771,14014;0;0;11773,00962;7685,224264;4974,372184;9,179144864;1,79;587,8526563;94,54425766;62,97758881;22721,44352;18883,06851;0;0;12741,03578;5967,220307;4670,71963;8,452664438;2,65;625,825873;97,56635618;63,18263723;20978,86674;17372,93204;0;0;11563,62065;5182,216374;4529,980263;10,42092993;2,75;693,8177778;105,0478141
dic.2004;64,40;24.838;20.704;0,00;0,00;13.887;817;6.260;-1;8.939;6.481;2.459;8,9;2,13;593;99,4;0,00;0,00;2,27;9,64;64,13041012;22704,94702;18872,9165;0;0;12579,0687;8426,18999;6117,128941;11,08641777;1,813333333;628,4730769;101,8987244;63,84170686;23247,86424;19378,85737;0;0;12578,33429;7974,575024;5292,135362;10,91610114;1,75;628,8034426;100,9470729;63,28512208;22420,51897;18771,14014;0;0;11773,00962;7685,224264;4974,372184;9,179144864;1,79;587,8526563;94,54425766;62,97758881;22721,44352;18883,06851;0;0;12741,03578;5967,220307;4670,71963;8,452664438;2,65;625,825873;97,56635618
mar.2005;64,74;23.847;20.208;0,00;0,00;12.769;617;5.847;0;9.431;6.720;2.710;9,1;2,61;578;98,8;0,00;0,00;2,29;7,65;64,4046416;24837,59963;20704,10341;0;0;13886,53868;8939,417726;6480,53843;8,876638642;2,133333333;593,1654839;99,37156821;64,13041012;22704,94702;18872,9165;0;0;12579,0687;8426,18999;6117,128941;11,08641777;1,813333333;628,4730769;101,8987244;63,84170686;23247,86424;19378,85737;0;0;12578,33429;7974,575024;5292,135362;10,91610114;1,75;628,8034426;100,9470729;63,28512208;22420,51897;18771,14014;0;0;11773,00962;7685,224264;4974,372184;9,179144864;1,79;587,8526563;94,54425766
jun.2005;65,61;24.599;20.899;0,00;0,00;13.516;734;5.758;0;10.257;7.369;2.889;10,1;3,11;581;99,0;0,00;0,00;2,77;7,85;64,73696873;23847,08604;20208,04878;0;0;12769,29371;9430,737462;6720,467614;9,077660252;2,606666667;578,2668254;98,79540347;64,4046416;24837,59963;20704,10341;0;0;13886,53868;8939,417726;6480,53843;8,876638642;2,133333333;593,1654839;99,37156821;64,13041012;22704,94702;18872,9165;0;0;12579,0687;8426,18999;6117,128941;11,08641777;1,813333333;628,4730769;101,8987244;63,84170686;23247,86424;19378,85737;0;0;12578,33429;7974,575024;5292,135362;10,91610114;1,75;628,8034426;100,9470729
sept.2005;66,26;23.896;20.092;0,00;0,00;13.540;798;5.845;0;10.275;8.175;2.100;9,8;3,66;553;93,8;0,00;0,00;3,32;6,46;65,60742143;24598,83942;20899,40835;0;0;13516,04428;10257,30484;7368,551888;10,10025453;3,11;581,4126984;98,99986502;64,73696873;23847,08604;20208,04878;0;0;12769,29371;9430,737462;6720,467614;9,077660252;2,606666667;578,2668254;98,79540347;64,4046416;24837,59963;20704,10341;0;0;13886,53868;8939,417726;6480,53843;8,876638642;2,133333333;593,1654839;99,37156821;64,13041012;22704,94702;18872,9165;0;0;12579,0687;8426,18999;6117,128941;11,08641777;1,813333333;628,4730769;101,8987244
dic.2005;66,86;26.222;22.098;0,00;0,00;14.907;1.003;6.619;1;12.011;8.410;3.601;7,9;4,37;526;88,7;0,00;0,00;3,81;6,73;66,25958133;23895,68026;20092,18013;0;0;13540,12303;10275,30171;8174,960806;9,837519413;3,66;552,9251563;93,83387698;65,60742143;24598,83942;20899,40835;0;0;13516,04428;10257,30484;7368,551888;10,10025453;3,11;581,4126984;98,99986502;64,73696873;23847,08604;20208,04878;0;0;12769,29371;9430,737462;6720,467614;9,077660252;2,606666667;578,2668254;98,79540347;64,4046416;24837,59963;20704,10341;0;0;13886,53868;8939,417726;6480,53843;8,876638642;2,133333333;593,1654839;99,37156821
mar.2006;67,37;25.311;21.666;0,00;0,00;13.760;796;6.216;1;14.008;8.484;5.523;8,4;4,64;526;89,6;0,00;0,00;4,06;7,21;66,85721064;26222,26984;22097,72615;0;0;14907,23278;12010,64848;8409,592499;7,940289994;4,366666667;526,4258065;88,74374754;66,25958133;23895,68026;20092,18013;0;0;13540,12303;10275,30171;8174,960806;9,837519413;3,66;552,9251563;93,83387698;65,60742143;24598,83942;20899,40835;0;0;13516,04428;10257,30484;7368,551888;10,10025453;3,11;581,4126984;98,99986502;64,73696873;23847,08604;20208,04878;0;0;12769,29371;9430,737462;6720,467614;9,077660252;2,606666667;578,2668254;98,79540347
jun.2006;68,11;26.228;22.339;0,00;0,00;14.550;951;6.173;1;15.999;8.872;7.127;8,9;4,96;527;91,0;0,00;0,00;3,81;6,89;67,36802359;25311,36323;21666,0126;0;0;13759,5453;14007,941;8484,493782;8,352538187;4,636666667;526,374;89,57473327;66,85721064;26222,26984;22097,72615;0;0;14907,23278;12010,64848;8409,592499;7,940289994;4,366666667;526,4258065;88,74374754;66,25958133;23895,68026;20092,18013;0;0;13540,12303;10275,30171;8174,960806;9,837519413;3,66;552,9251563;93,83387698;65,60742143;24598,83942;20899,40835;0;0;13516,04428;10257,30484;7368,551888;10,10025453;3,11;581,4126984;98,99986502
sept.2006;68,57;25.346;21.534;0,00;0,00;14.491;995;6.212;1;15.067;9.717;5.349;7,9;5,21;539;93,7;0,00;0,00;3,49;7,17;68,105402;26227,75704;22338,71305;0;0;14550,25184;15998,81356;8871,66479;8,932079034;4,96;526,817541;90,99602246;67,36802359;25311,36323;21666,0126;0;0;13759,5453;14007,941;8484,493782;8,352538187;4,636666667;526,374;89,57473327;66,85721064;26222,26984;22097,72615;0;0;14907,23278;12010,64848;8409,592499;7,940289994;4,366666667;526,4258065;88,74374754;66,25958133;23895,68026;20092,18013;0;0;13540,12303;10275,30171;8174,960806;9,837519413;3,66;552,9251563;93,83387698
dic.2006;68,36;27.905;23.667;0,00;0,00;16.014;1.213;7.061;2;14.307;9.409;4.897;6,0;5,25;529;92,4;0,00;0,00;2,25;7,10;68,57032326;25345,78491;21533,77627;0;0;14491,46561;15066,64692;9717,367215;7,925696255;5,213333333;539,2746774;93,7018737;68,105402;26227,75704;22338,71305;0;0;14550,25184;15998,81356;8871,66479;8,932079034;4,96;526,817541;90,99602246;67,36802359;25311,36323;21666,0126;0;0;13759,5453;14007,941;8484,493782;8,352538187;4,636666667;526,374;89,57473327;66,85721064;26222,26984;22097,72615;0;0;14907,23278;12010,64848;8409,592499;7,940289994;4,366666667;526,4258065;88,74374754
mar.2007;69,18;26.761;22.984;0,00;0,00;14.808;959;6.622;2;16.632;9.386;7.246;6,7;5,03;540;95,0;0,00;0,00;2,69;6,08;68,35926541;27905,42421;23667,23482;0;0;16013,84973;14306,75776;9409,467341;6,0099966;5,25;528,6932787;92,44510692;68,57032326;25345,78491;21533,77627;0;0;14491,46561;15066,64692;9717,367215;7,925696255;5,213333333;539,2746774;93,7018737;68,105402;26227,75704;22338,71305;0;0;14550,25184;15998,81356;8871,66479;8,932079034;4,96;526,817541;90,99602246;67,36802359;25311,36323;21666,0126;0;0;13759,5453;14007,941;8484,493782;8,352538187;4,636666667;526,374;89,57473327
jun.2007;70,06;27.659;23.647;0,00;0,00;15.646;1.093;6.494;2;18.551;10.603;7.948;6,9;5,00;527;94,9;0,00;0,00;2,86;5,86;69,17959578;26760,8539;22983,61696;0;0;14807,5905;16631,90603;9386,352986;6,733404821;5,03;540,36375;94,99594096;68,35926541;27905,42421;23667,23482;0;0;16013,84973;14306,75776;9409,467341;6,0099966;5,25;528,6932787;92,44510692;68,57032326;25345,78491;21533,77627;0;0;14491,46561;15066,64692;9717,367215;7,925696255;5,213333333;539,2746774;93,7018737;68,105402;26227,75704;22338,71305;0;0;14550,25184;15998,81356;8871,66479;8,932079034;4,96;526,817541;90,99602246
sept.2007;71,85;26.453;22.541;0,00;0,00;15.431;1.115;6.464;2;16.334;11.546;4.788;7,7;5,40;520;93,3;0,00;0,00;4,79;4,68;70,05562874;27658,91828;23647,00457;0;0;15645,86517;18551,01352;10602,89787;6,872085792;5;526,9267742;94,87638297;69,17959578;26760,8539;22983,61696;0;0;14807,5905;16631,90603;9386,352986;6,733404821;5,03;540,36375;94,99594096;68,35926541;27905,42421;23667,23482;0;0;16013,84973;14306,75776;9409,467341;6,0099966;5,25;528,6932787;92,44510692;68,57032326;25345,78491;21533,77627;0;0;14491,46561;15066,64692;9717,367215;7,925696255;5,213333333;539,2746774;93,7018737
dic.2007;73,31;29.058;24.938;0,00;0,00;17.092;1.396;7.310;3;17.045;12.943;4.102;7,2;5,79;503;92,2;0,00;0,00;7,24;5,37;71,8527716;26452,93732;22541,13414;0;0;15430,9556;16333,90286;11546,09785;7,717868466;5,396666667;520,1335593;93,33996648;70,05562874;27658,91828;23647,00457;0;0;15645,86517;18551,01352;10602,89787;6,872085792;5;526,9267742;94,87638297;69,17959578;26760,8539;22983,61696;0;0;14807,5905;16631,90603;9386,352986;6,733404821;5,03;540,36375;94,99594096;68,35926541;27905,42421;23667,23482;0;0;16013,84973;14306,75776;9409,467341;6,0099966;5,25;528,6932787;92,44510692
mar.2008;74,72;28.196;24.576;0,00;0,00;15.780;1.070;6.845;3;19.156;13.060;6.095;7,6;6,22;464;87,5;0,00;0,00;8,01;6,93;73,30584453;29057,92558;24937,95733;0;0;17091,7142;17044,54207;12942,91289;7,217066234;5,793333333;502,6448387;92,17812794;71,8527716;26452,93732;22541,13414;0;0;15430,9556;16333,90286;11546,09785;7,717868466;5,396666667;520,1335593;93,33996648;70,05562874;27658,91828;23647,00457;0;0;15645,86517;18551,01352;10602,89787;6,872085792;5;526,9267742;94,87638297;69,17959578;26760,8539;22983,61696;0;0;14807,5905;16631,90603;9386,352986;6,733404821;5,03;540,36375;94,99594096
jun.2008;76,28;28.946;25.226;0,00;0,00;16.585;1.208;6.747;3;18.319;15.502;2.817;8,4;6,36;470;91,8;0,00;0,00;8,89;6,68;74,7205156;28196,07422;24576,31728;0;0;15780,02658;19155,95772;13060,48179;7,552624069;6,223333333;464,287619;87,47678442;73,30584453;29057,92558;24937,95733;0;0;17091,7142;17044,54207;12942,91289;7,217066234;5,793333333;502,6448387;92,17812794;71,8527716;26452,93732;22541,13414;0;0;15430,9556;16333,90286;11546,09785;7,717868466;5,396666667;520,1335593;93,33996648;70,05562874;27658,91828;23647,00457;0;0;15645,86517;18551,01352;10602,89787;6,872085792;5;526,9267742;94,87638297
sept.2008;78,56;27.352;23.858;0,00;0,00;16.039;1.155;6.614;2;15.285;16.749;-1.464;7,8;7,57;516;98,8;0,00;0,00;9,34;5,84;76,28078878;28946,46913;25226,2421;0;0;16585,33907;18318,97115;15502,30922;8,391219141;6,36;469,6730159;91,83128909;74,7205156;28196,07422;24576,31728;0;0;15780,02658;19155,95772;13060,48179;7,552624069;6,223333333;464,287619;87,47678442;73,30584453;29057,92558;24937,95733;0;0;17091,7142;17044,54207;12942,91289;7,217066234;5,793333333;502,6448387;92,17812794;71,8527716;26452,93732;22541,13414;0;0;15430,9556;16333,90286;11546,09785;7,717868466;5,396666667;520,1335593;93,33996648
dic.2008;79,62;29.316;25.479;0,00;0,00;17.188;1.239;7.404;1;11.751;13.144;-1.393;7,5;8,25;639;106,8;0,00;0,00;8,61;2,17;78,56174088;27351,67707;23858,0954;0;0;16038,64822;15284,67107;16748,93424;7,76916466;7,573333333;515,9153226;98,76608155;76,28078878;28946,46913;25226,2421;0;0;16585,33907;18318,97115;15502,30922;8,391219141;6,36;469,6730159;91,83128909;74,7205156;28196,07422;24576,31728;0;0;15780,02658;19155,95772;13060,48179;7,552624069;6,223333333;464,287619;87,47678442;73,30584453;29057,92558;24937,95733;0;0;17091,7142;17044,54207;12942,91289;7,217066234;5,793333333;502,6448387;92,17812794
mar.2009;78,92;27.393;24.102;0,00;0,00;15.440;847;6.818;-1;11.387;8.854;2.533;9,2;5,55;607;98,7;0,00;-3,95;5,62;-1,93;79,61542133;29316,45002;25478,51966;0;0;17187,72523;11750,54285;13143,72405;7,476642698;8,25;639,0503226;106,8273952;78,56174088;27351,67707;23858,0954;0;0;16038,64822;15284,67107;16748,93424;7,76916466;7,573333333;515,9153226;98,76608155;76,28078878;28946,46913;25226,2421;0;0;16585,33907;18318,97115;15502,30922;8,391219141;6,36;469,6730159;91,83128909;74,7205156;28196,07422;24576,31728;0;0;15780,02658;19155,95772;13060,48179;7,552624069;6,223333333;464,287619;87,47678442
jun.2009;78,65;27.985;24.369;0,00;0,00;15.883;905;6.461;-3;13.093;8.974;4.119;10,7;1,44;567;95,4;0,00;-2,08;3,11;-3,40;78,92045414;27393,08615;24102,44865;0;0;15440,29347;11386,51665;8853,695391;9,195977275;5,546666667;607,1049206;98,69125986;79,61542133;29316,45002;25478,51966;0;0;17187,72523;11750,54285;13143,72405;7,476642698;8,25;639,0503226;106,8273952;78,56174088;27351,67707;23858,0954;0;0;16038,64822;15284,67107;16748,93424;7,76916466;7,573333333;515,9153226;98,76608155;76,28078878;28946,46913;25226,2421;0;0;16585,33907;18318,97115;15502,30922;8,391219141;6,36;469,6730159;91,83128909
sept.2009;78,09;27.051;23.399;0,00;0,00;16.117;958;6.713;-5;13.826;10.235;3.590;10,2;0,53;545;95,6;-3,95;-0,83;-0,60;-1,93;78,65430451;27985,1018;24368,5493;0;0;15883,33937;13093,10543;8974,1108;10,72296577;1,44;567,3772131;95,40526253;78,92045414;27393,08615;24102,44865;0;0;15440,29347;11386,51665;8853,695391;9,195977275;5,546666667;607,1049206;98,69125986;79,61542133;29316,45002;25478,51966;0;0;17187,72523;11750,54285;13143,72405;7,476642698;8,25;639,0503226;106,8273952;78,56174088;27351,67707;23858,0954;0;0;16038,64822;15284,67107;16748,93424;7,76916466;7,573333333;515,9153226;98,76608155
dic.2009;78,13;29.601;25.557;0,00;0,00;17.586;1.220;7.569;-5;17.157;12.079;5.079;8,6;0,50;519;93,2;-2,08;-0,24;-1,86;0,31;78,09128508;27051,33468;23398,60624;0;0;16116,91438;13825,7687;10235,34411;10,22514082;0,526666667;545,3798438;95,62005383;78,65430451;27985,1018;24368,5493;0;0;15883,33937;13093,10543;8974,1108;10,72296577;1,44;567,3772131;95,40526253;78,92045414;27393,08615;24102,44865;0;0;15440,29347;11386,51665;8853,695391;9,195977275;5,546666667;607,1049206;98,69125986;79,61542133;29316,45002;25478,51966;0;0;17187,72523;11750,54285;13143,72405;7,476642698;8,25;639,0503226;106,8273952
mar.2010;78,72;27.890;24.422;-3,95;-4,71;16.282;1.018;7.080;-5;15.616;11.765;3.850;9,2;0,50;519;92,4;-0,83;0,88;-0,26;1,33;78,13148102;29600,87641;25556,88003;0;0;17585,58391;17157,28071;12078,70817;8,616654806;0,5;518,6274194;93,22980484;78,09128508;27051,33468;23398,60624;0;0;16116,91438;13825,7687;10235,34411;10,22514082;0,526666667;545,3798438;95,62005383;78,65430451;27985,1018;24368,5493;0;0;15883,33937;13093,10543;8974,1108;10,72296577;1,44;567,3772131;95,40526253;78,92045414;27393,08615;24102,44865;0;0;15440,29347;11386,51665;8853,695391;9,195977275;5,546666667;607,1049206;98,69125986
jun.2010;79,60;29.775;26.023;-2,08;-4,22;17.929;1.345;7.276;-4;16.399;13.028;3.371;8,7;0,58;530;93,4;-0,24;0,79;1,20;6,79;78,7173919;27890,13438;24421,88812;-3,950076534;-4,707736623;16282,36455;15615,63396;11765,44844;9,227598064;0,5;519,0020635;92,44285777;78,13148102;29600,87641;25556,88003;0;0;17585,58391;17157,28071;12078,70817;8,616654806;0,5;518,6274194;93,22980484;78,09128508;27051,33468;23398,60624;0;0;16116,91438;13825,7687;10235,34411;10,22514082;0,526666667;545,3798438;95,62005383;78,65430451;27985,1018;24368,5493;0;0;15883,33937;13093,10543;8974,1108;10,72296577;1,44;567,3772131;95,40526253
sept.2010;79,85;29.083;25.293;-0,83;-3,53;17.956;1.367;7.320;-3;18.469;14.710;3.758;8,1;1,75;512;91,1;0,88;0,66;2,25;8,10;79,5953497;29774,9022;26022,70902;-2,083870145;-4,215754539;17928,72102;16399,07289;13028,49614;8,656064001;0,58;530,1172581;93,40038313;78,7173919;27890,13438;24421,88812;-3,950076534;-4,707736623;16282,36455;15615,63396;11765,44844;9,227598064;0,5;519,0020635;92,44285777;78,13148102;29600,87641;25556,88003;0;0;17585,58391;17157,28071;12078,70817;8,616654806;0,5;518,6274194;93,22980484;78,09128508;27051,33468;23398,60624;0;0;16116,91438;13825,7687;10235,34411;10,22514082;0,526666667;545,3798438;95,62005383
dic.2010;80,06;31.830;27.854;-0,24;-2,51;19.815;1.753;8.344;-1;20.625;15.712;4.913;7,2;2,88;480;88,5;0,79;0,72;2,47;8,99;79,84795708;29082,73773;25292,80935;-0,83415403;-3,533470238;17956,2969;18468,74645;14710,4685;8,124568692;1,746666667;511,9038095;91,1166551;79,5953497;29774,9022;26022,70902;-2,083870145;-4,215754539;17928,72102;16399,07289;13028,49614;8,656064001;0,58;530,1172581;93,40038313;78,7173919;27890,13438;24421,88812;-3,950076534;-4,707736623;16282,36455;15615,63396;11765,44844;9,227598064;0,5;519,0020635;92,44285777;78,13148102;29600,87641;25556,88003;0;0;17585,58391;17157,28071;12078,70817;8,616654806;0,5;518,6274194;93,22980484
mar.2011;81,01;30.472;27.248;0,88;-1,04;18.277;1.417;7.828;0;20.213;16.006;4.207;7,5;3,44;482;90,9;0,66;1,41;2,92;11,57;80,06211469;31829,87988;27854,28738;-0,239137647;-2,511771838;19814,6933;20625,07557;15711,61267;7,210128889;2,876666667;480,3196774;88,46257504;79,84795708;29082,73773;25292,80935;-0,83415403;-3,533470238;17956,2969;18468,74645;14710,4685;8,124568692;1,746666667;511,9038095;91,1166551;79,5953497;29774,9022;26022,70902;-2,083870145;-4,215754539;17928,72102;16399,07289;13028,49614;8,656064001;0,58;530,1172581;93,40038313;78,7173919;27890,13438;24421,88812;-3,950076534;-4,707736623;16282,36455;15615,63396;11765,44844;9,227598064;0,5;519,0020635;92,44285777
jun.2011;82,22;31.680;28.226;0,79;-0,19;19.367;1.541;7.813;1;21.371;17.469;3.902;7,2;4,74;469;90,9;0,72;1,75;3,30;8,47;81,01379979;30471,53247;27248,24439;0,882896499;-1,041498681;18276,94596;20213,03972;16005,87843;7,548116558;3,436666667;481,62625;90,94055314;80,06211469;31829,87988;27854,28738;-0,239137647;-2,511771838;19814,6933;20625,07557;15711,61267;7,210128889;2,876666667;480,3196774;88,46257504;79,84795708;29082,73773;25292,80935;-0,83415403;-3,533470238;17956,2969;18468,74645;14710,4685;8,124568692;1,746666667;511,9038095;91,1166551;79,5953497;29774,9022;26022,70902;-2,083870145;-4,215754539;17928,72102;16399,07289;13028,49614;8,656064001;0,58;530,1172581;93,40038313
sept.2011;82,34;30.310;27.038;0,66;0,22;19.258;1.586;7.852;1;19.275;18.929;346;7,6;5,25;471;91,1;1,41;1,50;3,12;6,90;82,22489287;31679,582;28226,4407;0,789750375;-0,190981349;19366,59816;21370,71346;17468,60313;7,212255397;4,743333333;469,4298413;90,94241464;81,01379979;30471,53247;27248,24439;0,882896499;-1,041498681;18276,94596;20213,03972;16005,87843;7,548116558;3,436666667;481,62625;90,94055314;80,06211469;31829,87988;27854,28738;-0,239137647;-2,511771838;19814,6933;20625,07557;15711,61267;7,210128889;2,876666667;480,3196774;88,46257504;79,84795708;29082,73773;25292,80935;-0,83415403;-3,533470238;17956,2969;18468,74645;14710,4685;8,124568692;1,746666667;511,9038095;91,1166551
dic.2011;83,27;33.362;29.553;0,72;0,57;20.983;1.940;8.868;1;20.579;18.262;2.317;6,8;5,25;512;95,3;1,75;1,03;4,01;6,10;82,33632042;30310,41892;27037,51299;0,655063324;0,216781163;19257,80166;19275,32076;18929,4505;7,626381176;5,25;471,0725;91,13650342;82,22489287;31679,582;28226,4407;0,789750375;-0,190981349;19366,59816;21370,71346;17468,60313;7,212255397;4,743333333;469,4298413;90,94241464;81,01379979;30471,53247;27248,24439;0,882896499;-1,041498681;18276,94596;20213,03972;16005,87843;7,548116558;3,436666667;481,62625;90,94055314;80,06211469;31829,87988;27854,28738;-0,239137647;-2,511771838;19814,6933;20625,07557;15711,61267;7,210128889;2,876666667;480,3196774;88,46257504
mar.2012;84,37;32.030;28.681;1,41;0,70;19.310;1.595;8.129;1;19.864;17.184;2.681;6,8;5,03;490;91,2;1,50;1,10;4,15;5,26;83,27427669;33362,30499;29552,59303;0,715548582;0,57453285;20983,31781;20578,76991;18261,59922;6,814609667;5,25;512,4744262;95,32446177;82,33632042;30310,41892;27037,51299;0,655063324;0,216781163;19257,80166;19275,32076;18929,4505;7,626381176;5,25;471,0725;91,13650342;82,22489287;31679,582;28226,4407;0,789750375;-0,190981349;19366,59816;21370,71346;17468,60313;7,212255397;4,743333333;469,4298413;90,94241464;81,01379979;30471,53247;27248,24439;0,882896499;-1,041498681;18276,94596;20213,03972;16005,87843;7,548116558;3,436666667;481,62625;90,94055314
jun.2012;84,77;33.423;29.909;1,75;1,05;20.516;1.713;8.271;1;19.751;18.055;1.696;6,8;5,00;496;91,2;1,03;1,92;3,10;5,96;84,37485536;32030,07146;28681,10156;1,405335276;0,696521571;19310,2075;19864,3001;17183,62906;6,797302896;5,033333333;489,5296923;91,24317502;83,27427669;33362,30499;29552,59303;0,715548582;0,57453285;20983,31781;20578,76991;18261,59922;6,814609667;5,25;512,4744262;95,32446177;82,33632042;30310,41892;27037,51299;0,655063324;0,216781163;19257,80166;19275,32076;18929,4505;7,626381176;5,25;471,0725;91,13650342;82,22489287;31679,582;28226,4407;0,789750375;-0,190981349;19366,59816;21370,71346;17468,60313;7,212255397;4,743333333;469,4298413;90,94241464
sept.2012;84,51;32.012;28.518;1,50;1,24;20.428;1.778;8.338;1;17.406;19.475;-2.069;6,6;5,00;483;88,6;1,10;1,33;2,64;5,47;84,77174786;33422,95606;29909,08734;1,754035186;1,049197296;20515,844;19750,69323;18055,11028;6,781292194;5;496,4041935;91,23973501;84,37485536;32030,07146;28681,10156;1,405335276;0,696521571;19310,2075;19864,3001;17183,62906;6,797302896;5,033333333;489,5296923;91,24317502;83,27427669;33362,30499;29552,59303;0,715548582;0,57453285;20983,31781;20578,76991;18261,59922;6,814609667;5,25;512,4744262;95,32446177;82,33632042;30310,41892;27037,51299;0,655063324;0,216781163;19257,80166;19275,32076;18929,4505;7,626381176;5,25;471,0725;91,13650342
dic.2012;85,09;35.051;31.152;1,03;1,55;22.343;2.192;9.451;2;21.042;20.741;301;6,2;5,00;478;88,0;1,92;0,99;2,18;5,41;84,51034404;32012,28481;28517,78687;1,501498031;1,23864994;20427,7898;17406,36957;19474,93046;6,576295395;5;482,9674576;88,63700104;84,77174786;33422,95606;29909,08734;1,754035186;1,049197296;20515,844;19750,69323;18055,11028;6,781292194;5;496,4041935;91,23973501;84,37485536;32030,07146;28681,10156;1,405335276;0,696521571;19310,2075;19864,3001;17183,62906;6,797302896;5,033333333;489,5296923;91,24317502;83,27427669;33362,30499;29552,59303;0,715548582;0,57453285;20983,31781;20578,76991;18261,59922;6,814609667;5,25;512,4744262;95,32446177
mar.2013;85,61;33.191;29.673;1,10;1,37;20.357;1.752;8.599;2;18.586;18.125;461;6,4;5,00;473;87,3;1,33;0,24;1,47;3,46;85,08836591;35050,62796;31152,07132;1,025552169;1,551620111;22343,37027;21041,62732;20740,96323;6,224655688;5;477,6201639;87,98976911;84,51034404;32012,28481;28517,78687;1,501498031;1,23864994;20427,7898;17406,36957;19474,93046;6,576295395;5;482,9674576;88,63700104;84,77174786;33422,95606;29909,08734;1,754035186;1,049197296;20515,844;19750,69323;18055,11028;6,781292194;5;496,4041935;91,23973501;84,37485536;32030,07146;28681,10156;1,405335276;0,696521571;19310,2075;19864,3001;17183,62906;6,797302896;5,033333333;489,5296923;91,24317502
jun.2013;85,85;34.830;31.154;1,92;1,44;21.454;1.905;8.610;2;20.143;18.856;1.287;6,3;5,00;484;88,6;0,99;0,04;1,27;4,16;85,6146887;33190,50111;29672,70896;1,09561077;1,370885013;20357,30907;18586,1538;18125,18356;6,426108908;5;472,5045161;87,29341653;85,08836591;35050,62796;31152,07132;1,025552169;1,551620111;22343,37027;21041,62732;20740,96323;6,224655688;5;477,6201639;87,98976911;84,51034404;32012,28481;28517,78687;1,501498031;1,23864994;20427,7898;17406,36957;19474,93046;6,576295395;5;482,9674576;88,63700104;84,77174786;33422,95606;29909,08734;1,754035186;1,049197296;20515,844;19750,69323;18055,11028;6,781292194;5;496,4041935;91,23973501
sept.2013;86,29;33.419;29.583;1,33;1,39;21.312;1.991;8.673;2;18.691;19.113;-422;5,9;5,00;507;91,4;0,24;-0,36;2,11;3,74;85,85089246;34829,76264;31154,00852;1,917628892;1,43944803;21453,50586;20142,81063;18855,51522;6,260540694;5;484,3806349;88,63391203;85,6146887;33190,50111;29672,70896;1,09561077;1,370885013;20357,30907;18586,1538;18125,18356;6,426108908;5;472,5045161;87,29341653;85,08836591;35050,62796;31152,07132;1,025552169;1,551620111;22343,37027;21041,62732;20740,96323;6,224655688;5;477,6201639;87,98976911;84,51034404;32012,28481;28517,78687;1,501498031;1,23864994;20427,7898;17406,36957;19474,93046;6,576295395;5;482,9674576;88,63700104
dic.2013;87,05;36.437;32.323;0,99;1,47;23.254;2.368;9.874;2;19.350;18.661;689;5,8;4,68;516;92,7;0,04;0,21;2,31;3,76;86,29052655;33419,31853;29583,08715;1,331995501;1,391652975;21311,744;18690,51117;19112,62831;5,860496691;5;507,4719672;91,42553726;85,85089246;34829,76264;31154,00852;1,917628892;1,43944803;21453,50586;20142,81063;18855,51522;6,260540694;5;484,3806349;88,63391203;85,6146887;33190,50111;29672,70896;1,09561077;1,370885013;20357,30907;18586,1538;18125,18356;6,426108908;5;472,5045161;87,29341653;85,08836591;35050,62796;31152,07132;1,025552169;1,551620111;22343,37027;21041,62732;20740,96323;6,224655688;5;477,6201639;87,98976911
mar.2014;87,94;34.130;30.429;0,24;1,24;21.268;1.813;9.156;2;18.972;17.132;1.840;6,5;4,34;551;97,6;-0,36;-0,42;2,72;2,55;87,05035329;36436,63349;32322,68311;0,987385453;1,467817955;23254,32762;19350,46155;18661,1747;5,781731969;4,683333333;515,9959677;92,71651401;86,29052655;33419,31853;29583,08715;1,331995501;1,391652975;21311,744;18690,51117;19112,62831;5,860496691;5;507,4719672;91,42553726;85,85089246;34829,76264;31154,00852;1,917628892;1,43944803;21453,50586;20142,81063;18855,51522;6,260540694;5;484,3806349;88,63391203;85,6146887;33190,50111;29672,70896;1,09561077;1,370885013;20357,30907;18586,1538;18125,18356;6,426108908;5;472,5045161;87,29341653
jun.2014;89,23;35.338;31.460;0,04;0,68;22.015;1.884;8.967;1;19.702;16.956;2.746;6,5;4,00;554;97,4;0,21;0,25;3,93;0,98;87,9427031;34129,85168;30429,23924;0,242373407;1,239700245;21267,82604;18971,68122;17131,78627;6,496404148;4,336666667;551,4846032;97,56455004;87,05035329;36436,63349;32322,68311;0,987385453;1,467817955;23254,32762;19350,46155;18661,1747;5,781731969;4,683333333;515,9959677;92,71651401;86,29052655;33419,31853;29583,08715;1,331995501;1,391652975;21311,744;18690,51117;19112,62831;5,860496691;5;507,4719672;91,42553726;85,85089246;34829,76264;31154,00852;1,917628892;1,43944803;21453,50586;20142,81063;18855,51522;6,260540694;5;484,3806349;88,63391203
sept.2014;89,97;33.757;29.966;-0,36;0,23;21.708;1.850;8.932;1;17.892;17.167;725;6,8;3,62;576;99,8;-0,42;0,33;4,26;1,29;89,22570411;35337,98665;31459,52266;0,042391856;0,684398334;22014,64104;19701,93676;16956,31102;6,517831912;4;554,3520968;97,39698849;87,9427031;34129,85168;30429,23924;0,242373407;1,239700245;21267,82604;18971,68122;17131,78627;6,496404148;4,336666667;551,4846032;97,56455004;87,05035329;36436,63349;32322,68311;0,987385453;1,467817955;23254,32762;19350,46155;18661,1747;5,781731969;4,683333333;515,9959677;92,71651401;86,29052655;33419,31853;29583,08715;1,331995501;1,391652975;21311,744;18690,51117;19112,62831;5,860496691;5;507,4719672;91,42553726
dic.2014;91,23;37.087;32.967;0,21;0,03;23.694;2.233;10.184;1;18.499;17.344;1.155;6,2;3,05;598;97,8;0,25;0,26;4,80;1,99;89,96584696;33756,95055;29965,5459;-0,360206427;0,234276194;21707,5406;17891,74051;17166,70947;6,760549926;3,623333333;576,306129;99,80664466;89,22570411;35337,98665;31459,52266;0,042391856;0,684398334;22014,64104;19701,93676;16956,31102;6,517831912;4;554,3520968;97,39698849;87,9427031;34129,85168;30429,23924;0,242373407;1,239700245;21267,82604;18971,68122;17131,78627;6,496404148;4,336666667;551,4846032;97,56455004;87,05035329;36436,63349;32322,68311;0,987385453;1,467817955;23254,32762;19350,46155;18661,1747;5,781731969;4,683333333;515,9959677;92,71651401
mar.2015;91,49;34.905;31.155;-0,42;-0,07;21.696;1.737;9.374;0;17.104;14.678;2.427;6,2;3,00;624;96,9;0,33;0,28;4,03;2,38;91,22796952;37087,34085;32966,71611;0,212496482;0,033115144;23694,19764;18499,33934;17344,04268;6,205596819;3,046666667;598,1795161;97,76012806;89,96584696;33756,95055;29965,5459;-0,360206427;0,234276194;21707,5406;17891,74051;17166,70947;6,760549926;3,623333333;576,306129;99,80664466;89,22570411;35337,98665;31459,52266;0,042391856;0,684398334;22014,64104;19701,93676;16956,31102;6,517831912;4;554,3520968;97,39698849;87,9427031;34129,85168;30429,23924;0,242373407;1,239700245;21267,82604;18971,68122;17131,78627;6,496404148;4,336666667;551,4846032;97,56455004
jun.2015;92,54;36.189;32.284;0,25;-0,06;22.533;1.863;9.136;0;16.087;13.750;2.337;6,7;3,00;618;94,0;0,26;-0,37;3,71;2,62;91,48598629;34904,99363;31154,61043;-0,419402872;-0,06955091;21696,01846;17104,16671;14677,62387;6,228864403;3;624,4209524;96,93035086;91,22796952;37087,34085;32966,71611;0,212496482;0,033115144;23694,19764;18499,33934;17344,04268;6,205596819;3,046666667;598,1795161;97,76012806;89,96584696;33756,95055;29965,5459;-0,360206427;0,234276194;21707,5406;17891,74051;17166,70947;6,760549926;3,623333333;576,306129;99,80664466;89,22570411;35337,98665;31459,52266;0,042391856;0,684398334;22014,64104;19701,93676;16956,31102;6,517831912;4;554,3520968;97,39698849
sept.2015;93,71;34.530;30.916;0,33;0,07;22.256;1.878;9.038;0;14.235;15.390;-1.154;6,5;3,00;676;99,0;0,28;-0,22;4,16;3,17;92,53837307;36188,62691;32284,14977;0,245439493;-0,063151447;22532,72988;16087,14761;13750,15654;6,670224066;3;617,762459;94,01706539;91,48598629;34904,99363;31154,61043;-0,419402872;-0,06955091;21696,01846;17104,16671;14677,62387;6,228864403;3;624,4209524;96,93035086;91,22796952;37087,34085;32966,71611;0,212496482;0,033115144;23694,19764;18499,33934;17344,04268;6,205596819;3,046666667;598,1795161;97,76012806;89,96584696;33756,95055;29965,5459;-0,360206427;0,234276194;21707,5406;17891,74051;17166,70947;6,760549926;3,623333333;576,306129;99,80664466
dic.2015;94,54;37.921;33.836;0,26;0,16;24.083;2.250;10.253;0;14.608;14.791;-183;5,9;3,24;698;98,9;-0,37;-0,58;3,63;2,64;93,71167264;34529,92635;30915,78825;0,333210864;0,069476808;22255,56483;14235,48537;15389,75882;6,543999715;3;676,2470313;98,99050955;92,53837307;36188,62691;32284,14977;0,245439493;-0,063151447;22532,72988;16087,14761;13750,15654;6,670224066;3;617,762459;94,01706539;91,48598629;34904,99363;31154,61043;-0,419402872;-0,06955091;21696,01846;17104,16671;14677,62387;6,228864403;3;624,4209524;96,93035086;91,22796952;37087,34085;32966,71611;0,212496482;0,033115144;23694,19764;18499,33934;17344,04268;6,205596819;3,046666667;598,1795161;97,76012806
mar.2016;95,02;35.941;32.158;0,28;0,38;22.450;1.890;9.625;0;15.071;13.016;2.054;6,5;3,50;702;96,5;-0,22;-1,51;3,86;3,22;94,53630496;37921,04742;33836,45361;0,263412949;0,163659904;24082,742;14608,29062;14791,42664;5,870419215;3,243333333;697,7485484;98,86988226;93,71167264;34529,92635;30915,78825;0,333210864;0,069476808;22255,56483;14235,48537;15389,75882;6,543999715;3;676,2470313;98,99050955;92,53837307;36188,62691;32284,14977;0,245439493;-0,063151447;22532,72988;16087,14761;13750,15654;6,670224066;3;617,762459;94,01706539;91,48598629;34904,99363;31154,61043;-0,419402872;-0,06955091;21696,01846;17104,16671;14677,62387;6,228864403;3;624,4209524;96,93035086
jun.2016;95,85;36.647;32.886;-0,37;0,32;23.034;1.936;9.273;0;14.811;13.180;1.631;7,0;3,50;678;95,6;-0,58;-1,74;3,58;1,86;95,01864866;35940,94276;32157,729;0,277155225;0,384884649;22449,94537;15070,70122;13016,26582;6,490499064;3,5;702,0671429;96,54337411;94,53630496;37921,04742;33836,45361;0,263412949;0,163659904;24082,742;14608,29062;14791,42664;5,870419215;3,243333333;697,7485484;98,86988226;93,71167264;34529,92635;30915,78825;0,333210864;0,069476808;22255,56483;14235,48537;15389,75882;6,543999715;3;676,2470313;98,99050955;92,53837307;36188,62691;32284,14977;0,245439493;-0,063151447;22532,72988;16087,14761;13750,15654;6,670224066;3;617,762459;94,01706539
sept.2016;96,33;35.144;31.479;-0,22;0,24;22.756;1.940;9.219;0;14.516;14.715;-199;7,0;3,50;662;93,3;-1,51;-0,84;2,79;1,82;95,84677581;36646,95438;32886,13407;-0,365147811;0,316534641;23034,3516;14810,6068;13179,90673;7,018020234;3,5;677,69125;95,57652195;95,01864866;35940,94276;32157,729;0,277155225;0,384884649;22449,94537;15070,70122;13016,26582;6,490499064;3,5;702,0671429;96,54337411;94,53630496;37921,04742;33836,45361;0,263412949;0,163659904;24082,742;14608,29062;14791,42664;5,870419215;3,243333333;697,7485484;98,86988226;93,71167264;34529,92635;30915,78825;0,333210864;0,069476808;22255,56483;14235,48537;15389,75882;6,543999715;3;676,2470313;98,99050955
dic.2016;96,65;38.268;34.322;-0,58;0,12;24.778;2.346;10.555;0;16.321;14.944;1.377;6,2;3,50;666;92,1;-1,74;-0,91;2,24;1,43;96,32871346;35144,45725;31479,05605;-0,223600232;0,240071397;22756,17216;14515,80046;14714,6611;7,030719878;3,5;661,6528125;93,29738891;95,84677581;36646,95438;32886,13407;-0,365147811;0,316534641;23034,3516;14810,6068;13179,90673;7,018020234;3,5;677,69125;95,57652195;95,01864866;35940,94276;32157,729;0,277155225;0,384884649;22449,94537;15070,70122;13016,26582;6,490499064;3,5;702,0671429;96,54337411;94,53630496;37921,04742;33836,45361;0,263412949;0,163659904;24082,742;14608,29062;14791,42664;5,870419215;3,243333333;697,7485484;98,86988226
mar.2017;97,37;35.802;32.453;-1,51;-0,12;23.176;2.081;9.923;0;15.676;14.632;1.044;7,0;3,29;656;91,4;-0,84;-0,69;2,47;0,92;96,65300837;38268,4161;34321,6061;-0,576432402;0,123462718;24777,69548;16321,22387;14943,89994;6,20041273;3,5;665,7954098;92,05555507;96,32871346;35144,45725;31479,05605;-0,223600232;0,240071397;22756,17216;14515,80046;14714,6611;7,030719878;3,5;661,6528125;93,29738891;95,84677581;36646,95438;32886,13407;-0,365147811;0,316534641;23034,3516;14810,6068;13179,90673;7,018020234;3,5;677,69125;95,57652195;95,01864866;35940,94276;32157,729;0,277155225;0,384884649;22449,94537;15070,70122;13016,26582;6,490499064;3,5;702,0671429;96,54337411
jun.2017;97,74;36.797;33.141;-1,74;-0,38;23.765;2.166;9.611;0;16.381;14.635;1.746;7,3;2,68;665;93,3;-0,91;-0,21;1,97;0,77;97,36644732;35802,41379;32452,95435;-1,511464126;-0,120027738;23175,73977;15676,36573;14632,13028;7,04022895;3,293333333;655,5770313;91,38919721;96,65300837;38268,4161;34321,6061;-0,576432402;0,123462718;24777,69548;16321,22387;14943,89994;6,20041273;3,5;665,7954098;92,05555507;96,32871346;35144,45725;31479,05605;-0,223600232;0,240071397;22756,17216;14515,80046;14714,6611;7,030719878;3,5;661,6528125;93,29738891;95,84677581;36646,95438;32886,13407;-0,365147811;0,316534641;23034,3516;14810,6068;13179,90673;7,018020234;3,5;677,69125;95,57652195
sept.2017;97,83;35.813;31.965;-0,84;-0,45;23.540;2.202;9.536;0;17.559;15.591;1.967;7,0;2,50;643;92,1;-0,69;-1,16;1,56;1,54;97,73963375;36796,86317;33140,9164;-1,74023202;-0,377562698;23765,08859;16380,64374;14634,84873;7,312519358;2,676666667;664,6798361;93,32724729;97,36644732;35802,41379;32452,95435;-1,511464126;-0,120027738;23175,73977;15676,36573;14632,13028;7,04022895;3,293333333;655,5770313;91,38919721;96,65300837;38268,4161;34321,6061;-0,576432402;0,123462718;24777,69548;16321,22387;14943,89994;6,20041273;3,5;665,7954098;92,05555507;96,32871346;35144,45725;31479,05605;-0,223600232;0,240071397;22756,17216;14515,80046;14714,6611;7,030719878;3,5;661,6528125;93,29738891
dic.2017;98,46;39.318;35.115;-0,91;-0,27;25.709;2.581;10.952;1;19.207;16.614;2.593;6,5;2,50;633;90,9;-0,21;-1,05;1,87;2,31;97,83429994;35812,91765;31965,26435;-0,838145764;-0,445900627;23540,39773;17558,91228;15591,46135;6,995296979;2,5;643,2291935;92,06748829;97,73963375;36796,86317;33140,9164;-1,74023202;-0,377562698;23765,08859;16380,64374;14634,84873;7,312519358;2,676666667;664,6798361;93,32724729;97,36644732;35802,41379;32452,95435;-1,511464126;-0,120027738;23175,73977;15676,36573;14632,13028;7,04022895;3,293333333;655,5770313;91,38919721;96,65300837;38268,4161;34321,6061;-0,576432402;0,123462718;24777,69548;16321,22387;14943,89994;6,20041273;3,5;665,7954098;92,05555507
mar.2018;99,11;37.401;33.543;-0,69;0,13;24.002;2.269;10.184;1;19.377;16.430;2.947;7,4;2,50;602;88,5;-1,16;-1,00;1,79;3,36;98,46427507;39318,02029;35114,82345;-0,911059515;-0,272552823;25708,51138;19207,27376;16613,82732;6,512653213;2,5;633,36;90,93788628;97,83429994;35812,91765;31965,26435;-0,838145764;-0,445900627;23540,39773;17558,91228;15591,46135;6,995296979;2,5;643,2291935;92,06748829;97,73963375;36796,86317;33140,9164;-1,74023202;-0,377562698;23765,08859;16380,64374;14634,84873;7,312519358;2,676666667;664,6798361;93,32724729;97,36644732;35802,41379;32452,95435;-1,511464126;-0,120027738;23175,73977;15676,36573;14632,13028;7,04022895;3,293333333;655,5770313;91,38919721
jun.2018;99,75;38.608;34.808;-0,21;0,97;24.900;2.424;9.975;2;18.923;17.532;1.391;7,5;2,50;621;89,7;-1,05;-0,40;2,06;5,03;99,11333333;37401,42885;33542,56273;-0,689896039;0,129964725;24002,13037;19377,05756;16430,39123;7,376087581;2,5;602,0755556;88,52555255;98,46427507;39318,02029;35114,82345;-0,911059515;-0,272552823;25708,51138;19207,27376;16613,82732;6,512653213;2,5;633,36;90,93788628;97,83429994;35812,91765;31965,26435;-0,838145764;-0,445900627;23540,39773;17558,91228;15591,46135;6,995296979;2,5;643,2291935;92,06748829;97,73963375;36796,86317;33140,9164;-1,74023202;-0,377562698;23765,08859;16380,64374;14634,84873;7,312519358;2,676666667;664,6798361;93,32724729
sept.2018;100,35;36.672;32.801;-1,16;1,19;24.350;2.318;9.745;2;17.581;17.846;-265;7,5;2,50;662;92,0;-1,00;-1,20;2,57;2,62;99,75333333;38607,91126;34808,14714;-0,209042007;0,96719909;24900,32816;18923,30305;17532,02717;7,513714493;2,5;620,937619;89,71464804;99,11333333;37401,42885;33542,56273;-0,689896039;0,129964725;24002,13037;19377,05756;16430,39123;7,376087581;2,5;602,0755556;88,52555255;98,46427507;39318,02029;35114,82345;-0,911059515;-0,272552823;25708,51138;19207,27376;16613,82732;6,512653213;2,5;633,36;90,93788628;97,83429994;35812,91765;31965,26435;-0,838145764;-0,445900627;23540,39773;17558,91228;15591,46135;6,995296979;2,5;643,2291935;92,06748829
dic.2018;100,79;40.536;36.264;-1,05;1,64;26.617;2.690;11.207;2;18.827;18.689;138;7,1;2,75;679;92,7;-0,40;-5,40;2,36;3,27;100,3466667;36671,50026;32801,28089;-1,158675803;1,186439376;24350,17494;17581,28882;17845,97855;7,470290517;2,5;662,0544068;92,02177968;99,75333333;38607,91126;34808,14714;-0,209042007;0,96719909;24900,32816;18923,30305;17532,02717;7,513714493;2,5;620,937619;89,71464804;99,11333333;37401,42885;33542,56273;-0,689896039;0,129964725;24002,13037;19377,05756;16430,39123;7,376087581;2,5;602,0755556;88,52555255;98,46427507;39318,02029;35114,82345;-0,911059515;-0,272552823;25708,51138;19207,27376;16613,82732;6,512653213;2,5;633,36;90,93788628
mar.2019;100,94;37.818;34.266;-1,00;1,78;24.730;2.232;10.304;2;18.242;16.449;1.793;7,2;3,00;667;92,1;-1,20;-2,70;1,84;2,16;100,79;40535,86666;36264,3988;-1,049162387;1,639735378;26616,86811;18826,72148;18689,1093;7,146463315;2,75;678,6965574;92,74416552;100,3466667;36671,50026;32801,28089;-1,158675803;1,186439376;24350,17494;17581,28882;17845,97855;7,470290517;2,5;662,0544068;92,02177968;99,75333333;38607,91126;34808,14714;-0,209042007;0,96719909;24900,32816;18923,30305;17532,02717;7,513714493;2,5;620,937619;89,71464804;99,11333333;37401,42885;33542,56273;-0,689896039;0,129964725;24002,13037;19377,05756;16430,39123;7,376087581;2,5;602,0755556;88,52555255
jun.2019;101,96;39.177;35.515;-0,40;1,90;25.558;2.396;10.120;2;17.018;16.296;722;7,3;2,50;684;93,2;-5,40;-15,20;2,22;2,03;100,9366667;37818,33848;34265,94206;-1;1,776531006;24730,00455;18242,21644;16448,88831;7,23627924;3;667,3444444;92,0626505;100,79;40535,86666;36264,3988;-1,049162387;1,639735378;26616,86811;18826,72148;18689,1093;7,146463315;2,75;678,6965574;92,74416552;100,3466667;36671,50026;32801,28089;-1,158675803;1,186439376;24350,17494;17581,28882;17845,97855;7,470290517;2,5;662,0544068;92,02177968;99,75333333;38607,91126;34808,14714;-0,209042007;0,96719909;24900,32816;18923,30305;17532,02717;7,513714493;2,5;620,937619;89,71464804
sept.2019;102,56;37.920;33.968;-1,20;2,35;25.034;2.268;9.929;2;16.706;16.868;-162;7,3;2,00;705;94,6;-2,70;-11,00;2,21;3,56;101,9633333;39177,3048;35514,92806;-0,4;1,89727394;25558,19014;17017,98136;16295,84908;7,25381263;2,5;683,8006452;93,17634339;100,9366667;37818,33848;34265,94206;-1;1,776531006;24730,00455;18242,21644;16448,88831;7,23627924;3;667,3444444;92,0626505;100,79;40535,86666;36264,3988;-1,049162387;1,639735378;26616,86811;18826,72148;18689,1093;7,146463315;2,75;678,6965574;92,74416552;100,3466667;36671,50026;32801,28089;-1,158675803;1,186439376;24350,17494;17581,28882;17845,97855;7,470290517;2,5;662,0544068;92,02177968
dic.2019;103,56;39.745;35.535;-5,40;1,40;25.554;2.329;10.829;1;16.796;16.197;599;7,1;1,75;755;100,3;-15,20;-4,40;2,75;-2,01;102,56;37919,66753;33968,30828;-1,2;2,345737356;25033,58204;16705,92116;16868,23403;7,33729734;2;705,1318033;94,55559512;101,9633333;39177,3048;35514,92806;-0,4;1,89727394;25558,19014;17017,98136;16295,84908;7,25381263;2,5;683,8006452;93,17634339;100,9366667;37818,33848;34265,94206;-1;1,776531006;24730,00455;18242,21644;16448,88831;7,23627924;3;667,3444444;92,0626505;100,79;40535,86666;36264,3988;-1,049162387;1,639735378;26616,86811;18826,72148;18689,1093;7,146463315;2,75;678,6965574;92,74416552
mar.2020;104,67;37.884;34.137;-2,70;0,87;24.070;1.928;10.265;-1;17.198;14.120;3.079;8,2;1,00;803;105,5;-11,00;-0,40;3,70;-0,38;103,56;39744,70574;35534,62733;-5,4;1,39583861;25553,79906;16796,44464;16196,98433;7,063169088;1,75;754,8567742;100,3287931;102,56;37919,66753;33968,30828;-1,2;2,345737356;25033,58204;16705,92116;16868,23403;7,33729734;2;705,1318033;94,55559512;101,9633333;39177,3048;35514,92806;-0,4;1,89727394;25558,19014;17017,98136;16295,84908;7,25381263;2,5;683,8006452;93,17634339;100,9366667;37818,33848;34265,94206;-1;1,776531006;24730,00455;18242,21644;16448,88831;7,23627924;3;667,3444444;92,0626505
jun.2020;104,95;33.595;29.893;-15,20;-3,65;19.855;1.542;8.437;-7;17.845;11.896;5.950;12,2;0,50;823;103,6;-4,40;0,00;2,93;-15,83;104,67;37884,47818;34137,20608;-2,7;0,868256007;24070,04151;17198,45285;14119,7291;8,228509097;1;803,0015625;105,471514;103,56;39744,70574;35534,62733;-5,4;1,39583861;25553,79906;16796,44464;16196,98433;7,063169088;1,75;754,8567742;100,3287931;102,56;37919,66753;33968,30828;-1,2;2,345737356;25033,58204;16705,92116;16868,23403;7,33729734;2;705,1318033;94,55559512;101,9633333;39177,3048;35514,92806;-0,4;1,89727394;25558,19014;17017,98136;16295,84908;7,25381263;2,5;683,8006452;93,17634339
sept.2020;105,31;34.507;30.589;-11,00;-6,55;22.776;2.773;9.727;-10;17.987;13.867;4.120;12,3;0,50;781;101,3;-0,40;4,70;2,68;-9,95;104,9533333;33595,07693;29892,52602;-15,2;-3,648120855;19855,39788;17845,38916;11895,59054;12,24806791;0,5;823,0055738;103,6181583;104,67;37884,47818;34137,20608;-2,7;0,868256007;24070,04151;17198,45285;14119,7291;8,228509097;1;803,0015625;105,471514;103,56;39744,70574;35534,62733;-5,4;1,39583861;25553,79906;16796,44464;16196,98433;7,063169088;1,75;754,8567742;100,3287931;102,56;37919,66753;33968,30828;-1,2;2,345737356;25033,58204;16705,92116;16868,23403;7,33729734;2;705,1318033;94,55559512
dic.2020;106,55;39.747;35.637;-4,40;-6,97;26.611;3.228;11.834;-10;20.454;15.234;5.220;10,3;0,50;762;101,0;0,00;5,10;2,88;0,29;105,305918;34507,35123;30589,41704;-11;-6,547404743;22775,54141;17987,35234;13867,12371;12,34829068;0,5;780,9904688;101,2890045;104,9533333;33595,07693;29892,52602;-15,2;-3,648120855;19855,39788;17845,38916;11895,59054;12,24806791;0,5;823,0055738;103,6181583;104,67;37884,47818;34137,20608;-2,7;0,868256007;24070,04151;17198,45285;14119,7291;8,228509097;1;803,0015625;105,471514;103,56;39744,70574;35534,62733;-5,4;1,39583861;25553,79906;16796,44464;16196,98433;7,063169088;1,75;754,8567742;100,3287931
mar.2021;107,76;38.115;34.555;-0,40;-7,21;25.313;2.881;10.869;-9;22.215;17.975;4.239;10,4;0,50;724;98,2;4,70;4,21;2,95;1,22;106,5466667;39746,90477;35636,70366;-4,4;-6,972206782;26611,11494;20453,94234;15233,82534;10,28631875;0,5;762,4008065;101,0339637;105,305918;34507,35123;30589,41704;-11;-6,547404743;22775,54141;17987,35234;13867,12371;12,34829068;0,5;780,9904688;101,2890045;104,9533333;33595,07693;29892,52602;-15,2;-3,648120855;19855,39788;17845,38916;11895,59054;12,24806791;0,5;823,0055738;103,6181583;104,67;37884,47818;34137,20608;-2,7;0,868256007;24070,04151;17198,45285;14119,7291;8,228509097;1;803,0015625;105,471514
jun.2021;108,72;39.683;35.948;0,00;-3,51;26.927;3.547;11.067;-3;23.730;19.087;4.643;9,5;0,50;715;98,2;5,10;2,99;3,59;20,26;107,7566667;38114,57416;34555,2243;-0,4;-7,210973469;25313,45487;22214,75923;17975,36349;10,35380966;0,5;724,2868254;98,17760598;106,5466667;39746,90477;35636,70366;-4,4;-6,972206782;26611,11494;20453,94234;15233,82534;10,28631875;0,5;762,4008065;101,0339637;105,305918;34507,35123;30589,41704;-11;-6,547404743;22775,54141;17987,35234;13867,12371;12,34829068;0,5;780,9904688;101,2890045;104,9533333;33595,07693;29892,52602;-15,2;-3,648120855;19855,39788;17845,38916;11895,59054;12,24806791;0,5;823,0055738;103,6181583
sept.2021;110,45;40.449;36.768;4,70;0,20;29.040;3.684;11.929;2;23.541;22.526;1.015;8,4;1,50;771;105,2;4,21;1,62;4,89;20,20;108,7233333;39683,21088;35948,36929;0;-3,509097523;26926,62719;23730,20839;19087,06805;9,496488217;0,5;715,4234426;98,18060834;107,7566667;38114,57416;34555,2243;-0,4;-7,210973469;25313,45487;22214,75923;17975,36349;10,35380966;0,5;724,2868254;98,17760598;106,5466667;39746,90477;35636,70366;-4,4;-6,972206782;26611,11494;20453,94234;15233,82534;10,28631875;0,5;762,4008065;101,0339637;105,305918;34507,35123;30589,41704;-11;-6,547404743;22775,54141;17987,35234;13867,12371;12,34829068;0,5;780,9904688;101,2890045
dic.2021;113,62;44.999;40.896;5,10;2,24;31.713;4.146;13.647;5;25.617;23.227;2.390;7,5;4,00;850;110,0;2,99;1,19;6,63;14,76;110,4533333;40449,46377;36767,86189;4,7;0,195980387;29040,32806;23541,404;22526,31461;8,405611155;1,5;771,4315625;105,1868351;108,7233333;39683,21088;35948,36929;0;-3,509097523;26926,62719;23730,20839;19087,06805;9,496488217;0,5;715,4234426;98,18060834;107,7566667;38114,57416;34555,2243;-0,4;-7,210973469;25313,45487;22214,75923;17975,36349;10,35380966;0,5;724,2868254;98,17760598;106,5466667;39746,90477;35636,70366;-4,4;-6,972206782;26611,11494;20453,94234;15233,82534;10,28631875;0,5;762,4008065;101,0339637
mar.2022;116,71;50.277;47.077;4,21;3,92;33.654;3.521;14.536;8;24.537;23.249;1.289;7,8;7,00;809;109,3;1,62;1,82;8,31;36,24;113,62;44998,89066;40895,86233;5,1;2,242849917;31712,99345;25616,51738;23227,01349;7,5;4;850;110;110,4533333;40449,46377;36767,86189;4,7;0,195980387;29040,32806;23541,404;22526,31461;8,405611155;1,5;771,4315625;105,1868351;108,7233333;39683,21088;35948,36929;0;-3,509097523;26926,62719;23730,20839;19087,06805;9,496488217;0,5;715,4234426;98,18060834;107,7566667;38114,57416;34555,2243;-0,4;-7,210973469;25313,45487;22214,75923;17975,36349;10,35380966;0,5;724,2868254;98,17760598
jun.2022;121,25;51.820;48.385;2,99;5,03;33.734;3.401;13.960;9;25.255;24.805;449;7,8;9,00;841;110,0;1,19;0,61;11,52;34,60;116,71;50276,98047;47076,98471;4,206128435;3,921236495;33654,08906;24537,48761;23248,52033;7,797865169;7;809,151875;109,3029275;113,615126;44998,89066;40895,86233;5,1;2,242849917;31712,99345;25616,51738;23227,01349;7,5;4;850;110;110,4533333;40449,46377;36767,86189;4,7;0,195980387;29040,32806;23541,404;22526,31461;8,405611155;1,5;771,4315625;105,1868351;108,7233333;39683,21088;35948,36929;0;-3,509097523;26926,62719;23730,20839;19087,06805;9,496488217;0,5;715,4234426;98,18060834
sept.2022;125,53;49.807;46.280;1,62;4,63;32.912;3.094;13.821;7;23.394;24.863;-1.469;8,0;10,75;926;114,5;1,82;0,18;13,65;25,87;121,25;51819,78191;48384,99486;2,988751141;5,025582765;33734,04411;25254,58262;24805,47469;7,811473751;9;841,0391935;109,9959864;116,71;50276,98047;47076,98471;4,206128435;3,921236495;33654,08906;24537,48761;23248,52033;7,797865169;7;809,151875;109,3029275;113,615126;44998,89066;40895,86233;5,1;2,242849917;31712,99345;25616,51738;23227,01349;7,5;4;850;110;110,4533333;40449,46377;36767,86189;4,7;0,195980387;29040,32806;23541,404;22526,31461;8,405611155;1,5;771,4315625;105,1868351
dic.2022;128,19;53.849;49.532;1,19;3,34;34.549;3.163;16.013;5;24.198;21.863;2.335;7,9;11,25;900;112,5;0,61;-0,02;12,83;21,12;125,53;49807,13489;46280,17346;1,622310439;4,62834321;32912,28083;23393,59831;24862,63738;8,040024407;10,75;926,0909524;114,5279551;121,25;51819,78191;48384,99486;2,988751141;5,025582765;33734,04411;25254,58262;24805,47469;7,811473751;9;841,0391935;109,9959864;116,71;50276,98047;47076,98471;4,206128435;3,921236495;33654,08906;24537,48761;23248,52033;7,797865169;7;809,151875;109,3029275;113,615126;44998,89066;40895,86233;5,1;2,242849917;31712,99345;25616,51738;23227,01349;7,5;4;850;110
mar.2023;130,47;50.270;47.267;1,82;2,15;31.621;2.456;13.498;3;26.068;19.511;6.557;8,8;11,25;812;97,8;0,18;#REF!;11,79;0,40;128,1886157;53848,96131;49531,98362;1,189710336;3,338479416;34548,86248;24198,2744;21862,92491;7,850753237;11,25;900;112,5;125,53;49807,13489;46280,17346;1,622310439;4,62834321;32912,28083;23393,59831;24862,63738;8,040024407;10,75;926,0909524;114,5279551;121,25;51819,78191;48384,99486;2,988751141;5,025582765;33734,04411;25254,58262;24805,47469;7,811473751;9;841,0391935;109,9959864;116,71;50276,98047;47076,98471;4,206128435;3,921236495;33654,08906;24537,48761;23248,52033;7,797865169;7;809,151875;109,3029275
jun.2023;131,82;50.959;47.706;0,61;1,32;32.078;2.565;13.121;1;23.179;19.736;3.443;8,5;11,25;801;94,9;-0,02;#REF!;8,72;-1,40;130,4689656;50269,58062;47266,64135;1,823040643;2,154690951;31621,40927;26067,5197;19510,50608;8,808478761;11,25;811,5123438;97,77440284;128,1886157;53848,96131;49531,98362;1,189710336;3,338479416;34548,86248;24198,2744;21862,92491;7,850753237;11,25;900;112,5;125,53;49807,13489;46280,17346;1,622310439;4,62834321;32912,28083;23393,59831;24862,63738;8,040024407;10,75;926,0909524;114,5279551;121,25;51819,78191;48384,99486;2,988751141;5,025582765;33734,04411;25254,58262;24805,47469;7,811473751;9;841,0391935;109,9959864
sept.2023;132,59;49.753;45.982;0,18;0,69;32.032;2.718;13.293;-1;22.281;20.401;1.880;8,9;9,50;850;99,2;#REF!;#REF!;5,63;-0,64;131,8200434;50959,46133;47705,53723;0,606481563;1,320305181;32077,56489;23178,68249;19735,98663;8,527584653;11,25;800,6611475;94,91836384;130,4689656;50269,58062;47266,64135;1,823040643;2,154690951;31621,40927;26067,5197;19510,50608;8,808478761;11,25;811,5123438;97,77440284;128,1886157;53848,96131;49531,98362;1,189710336;3,338479416;34548,86248;24198,2744;21862,92491;7,850753237;11,25;900;112,5;125,53;49807,13489;46280,17346;1,622310439;4,62834321;32912,28083;23393,59831;24862,63738;8,040024407;10,75;926,0909524;114,5279551
dic.2023;134,45;53.656;49.817;-0,02;0,20;34.449;2.957;15.074;-1;23.600;21.200;2.400;8,6;8,50;870;100,0;#REF!;#REF!;4,88;0,58;132,5934633;49752,71199;45982,03687;0,178788179;0,685827035;32031,92531;22281,00334;20400,68635;8,913008572;9,5;850,1535484;99,18009997;131,8200434;50959,46133;47705,53723;0,606481563;1,320305181;32077,56489;23178,68249;19735,98663;8,527584653;11,25;800,6611475;94,91836384;130,4689656;50269,58062;47266,64135;1,823040643;2,154690951;31621,40927;26067,5197;19510,50608;8,808478761;11,25;811,5123438;97,77440284;128,1886157;53848,96131;49531,98362;1,189710336;3,338479416;34548,86248;24198,2744;21862,92491;7,850753237;11,25;900;112,5
